Symbol,Trade number,Type,Date and time,Order ID,Signal,Price,Size (qty),Size (value),Net PnL USD,Return %,Commission USD,Cumulative PnL USD,Cumulative PnL %
CME_MINI:MES1!,1,Exit short,"Sep 4, 2026, 20:17",3492433482,3492433482,7723,30,232200,2550,0.22,0,2550,1.02
CME_MINI:MES1!,1,Entry short,"Sep 4, 2026, 18:00",3492417507,3492417507,7740,30,232200,2550,0.22,0,2550,1.02
NYMEX:MCL1!,2,Exit long,"Sep 7, 2026, 03:30",3495047969,3495047969,92.16,41,3717.88,6068,1.63,0,8618,3.45
NYMEX:MCL1!,2,Entry long,"Sep 4, 2026, 22:50",3494315313,3494315313,90.68,41,3717.88,6068,1.63,0,8618,3.45
CME_MINI:MES1!,3,Exit long,"Sep 7, 2026, 12:35",3499557302,3499557302,7727,100,772150,2750,0.07,0,11368,4.55
CME_MINI:MES1!,3,Entry long,"Sep 7, 2026, 12:15",3499556332,3499556332,7721.5,100,772150,2750,0.07,0,11368,4.55
CME_MINI:MES1!,4,Exit long,"Sep 7, 2026, 13:11",3499619670,3499619670,7719.5,100,772725,-3875,-0.1,0,7493,3
CME_MINI:MES1!,4,Entry long,"Sep 7, 2026, 12:39",3499619039,3499619039,7727.25,100,772725,-3875,-0.1,0,7493,3
NYMEX:MCL1!,5,Exit long,"Sep 7, 2026, 20:27",3500477054,3500477054,92.96,82,7571.0599999999995,5166,0.68,0,12659,5.06
NYMEX:MCL1!,5,Entry long,"Sep 7, 2026, 17:51",3500473196,3500473196,92.33,82,7571.0599999999995,5166,0.68,0,12659,5.06
CME_MINI:MNQ1!,6,Exit long,"Sep 7, 2026, 20:34",3501221635,3501221635,29597.75,61,1805142.5,640.5,0.02,0,13299.5,5.32
CME_MINI:MNQ1!,6,Entry long,"Sep 7, 2026, 20:30",3501219195,3501219195,29592.5,61,1805142.5,640.5,0.02,0,13299.5,5.32
COMEX_MINI:MGC1!,7,Exit long,"Sep 8, 2026, 07:18",3502322377,3502322377,4485.2,25,111792.5,3375,0.3,0,16674.5,6.67
COMEX_MINI:MGC1!,7,Entry long,"Sep 8, 2026, 05:17",3502320633,3502320633,4471.7,25,111792.5,3375,0.3,0,16674.5,6.67
CME_MINI:MES1!,8,Exit long,"Sep 8, 2026, 11:22",3502655398,3502655398,7708,59,455480,-3540,-0.16,0,13134.5,5.25
CME_MINI:MES1!,8,Entry long,"Sep 8, 2026, 07:28",3502654944,3502654944,7720,59,455480,-3540,-0.16,0,13134.5,5.25
CME_MINI:M2K1!,9,Exit short,"Sep 8, 2026, 11:49",3503301641,3503301641,2958.8,163,482610.4,1630,0.07,0,14764.5,5.91
CME_MINI:M2K1!,9,Entry short,"Sep 8, 2026, 11:36",3503300407,3503300407,2960.8,163,482610.4,1630,0.07,0,14764.5,5.91
CME_MINI:MNQ1!,10,Exit short,"Sep 8, 2026, 13:29",3503455832,3503455832,29531,22,651453,3542,0.27,0,18306.5,7.32
CME_MINI:MNQ1!,10,Entry short,"Sep 8, 2026, 12:16",3503423329,3503423329,29611.5,22,651453,3542,0.27,0,18306.5,7.32
COMEX_MINI:MGC1!,11,Exit short,"Sep 8, 2026, 16:17",3504113195,3504113195,4442.8,17,75412,-1156,-0.15,0,17150.5,6.86
COMEX_MINI:MGC1!,11,Entry short,"Sep 8, 2026, 13:20",3503608734,3503608734,4436,17,75412,-1156,-0.15,0,17150.5,6.86
COMEX_MINI:SIL1!,12,Exit short,"Sep 8, 2026, 16:17",3504113814,3504113814,66.61,10,665.15,-950,-0.14,0,16200.5,6.48
COMEX_MINI:SIL1!,12,Entry short,"Sep 8, 2026, 13:25",3503623761,3503623761,66.515,10,665.15,-950,-0.14,0,16200.5,6.48
CME:6E1!,13,Exit short,"Sep 8, 2026, 16:18",3504117263,3504117263,1.1613,25,29.037499999999998,625,0.02,0,16825.5,6.73
CME:6E1!,13,Entry short,"Sep 8, 2026, 14:19",3503781072,3503781072,1.1615,25,29.037499999999998,625,0.02,0,16825.5,6.73
NYMEX:MCL1!,14,Exit short,"Sep 9, 2026, 12:02",3508103210,3508103210,94.42,75,7050,-3150,-0.45,0,13675.5,5.47
NYMEX:MCL1!,14,Entry short,"Sep 9, 2026, 10:31",3508102026,3508102026,94,75,7050,-3150,-0.45,0,13675.5,5.47
CBOT_MINI:MYM1!,15,Exit long,"Sep 9, 2026, 12:02",3508112134,3508112134,52800,150,7923450,-1725,-0.04,0,11950.5,4.78
CBOT_MINI:MYM1!,15,Entry long,"Sep 9, 2026, 10:33",3508110892,3508110892,52823,150,7923450,-1725,-0.04,0,11950.5,4.78
COMEX_MINI:MGC1!,16,Exit long,"Sep 14, 2026, 08:28",3526445881,3526445881,4372.3,17,74703.1,-3740,-0.5,0,8210.5,3.28
COMEX_MINI:MGC1!,16,Entry long,"Sep 14, 2026, 07:38",3526445082,3526445082,4394.3,17,74703.1,-3740,-0.5,0,8210.5,3.28
CME_MINI:MES1!,17,Exit long,"Sep 14, 2026, 09:12",3526437618,3526437618,7622.75,88,671682,-4400,-0.13,0,3810.5,1.52
CME_MINI:MES1!,17,Entry long,"Sep 14, 2026, 07:35",3526436406,3526436406,7632.75,88,671682,-4400,-0.13,0,3810.5,1.52
COMEX_MINI:MGC1!,18,Exit short,"Sep 14, 2026, 11:02",3526914391,3526914391,4375.1,51,222847.9,-2822,-0.13,0,988.5,0.4
COMEX_MINI:MGC1!,18,Entry short,"Sep 14, 2026, 10:29",3526912398,3526912398,4369.566666666667,51,222847.9,-2822,-0.13,0,988.5,0.4
NYMEX:MCL1!,19,Exit short,"Sep 14, 2026, 12:14",3527069702,3527069702,102.86,100,10238,-4800,-0.47,0,-3811.5,-1.52
NYMEX:MCL1!,19,Entry short,"Sep 14, 2026, 11:26",3527064608,3527064608,102.38,100,10238,-4800,-0.47,0,-3811.5,-1.52
CME_MINI:MES1!,20,Exit short,"Sep 15, 2026, 10:22",3532597440,3532597440,7671.5,64,492384,7040,0.29,0,3228.5,1.29
CME_MINI:MES1!,20,Entry short,"Sep 15, 2026, 07:27",3532596347,3532596347,7693.5,64,492384,7040,0.29,0,3228.5,1.29
NYMEX:MCL1!,21,Exit long,"Sep 15, 2026, 11:34",3533192486,3533192486,103.1,51,5250.96,714,0.14,0,3942.5,1.58
NYMEX:MCL1!,21,Entry long,"Sep 15, 2026, 07:29",3532602180,3532602180,102.96,51,5250.96,714,0.14,0,3942.5,1.58
NYMEX:MCL1!,22,Exit long,"Sep 15, 2026, 22:39",3535991561,3535991561,106.51,25,2603.75,5900,2.27,0,9842.5,3.94
NYMEX:MCL1!,22,Entry long,"Sep 15, 2026, 20:18",3535980390,3535980390,104.15,25,2603.75,5900,2.27,0,9842.5,3.94
CME:6E1!,23,Exit short,"Sep 16, 2026, 06:25",3538084013,3538084013,1.1576,10,11.5825,812.5,0.06,0,10655,4.26
CME:6E1!,23,Entry short,"Sep 15, 2026, 21:47",3536556979,3536556979,1.15825,10,11.5825,812.5,0.06,0,10655,4.26
CME_MINI:MNQ1!,24,Exit short,"Sep 16, 2026, 06:25",3538084535,3538084535,29275.25,25,732075,387.5,0.03,0,11042.5,4.42
CME_MINI:MNQ1!,24,Entry short,"Sep 15, 2026, 20:14",3535939505,3535939505,29283,25,732075,387.5,0.03,0,11042.5,4.42
CME_MINI:M2K1!,25,Exit short,"Sep 16, 2026, 08:02",3538336433,3538336433,2899.9,260,753350,-3120,-0.08,0,7922.5,3.17
CME_MINI:M2K1!,25,Entry short,"Sep 16, 2026, 07:52",3538336432,3538336432,2897.5,260,753350,-3120,-0.08,0,7922.5,3.17
COMEX_MINI:MGC1!,26,Exit long,"Sep 16, 2026, 15:39",3538491571,3538491571,4384.8,10,43784,640,0.15,0,8562.5,3.42
COMEX_MINI:MGC1!,26,Entry long,"Sep 16, 2026, 08:44",3538489986,3538489986,4378.4,10,43784,640,0.15,0,8562.5,3.42
NYMEX:MCL1!,27,Exit long,"Sep 18, 2026, 10:12",3549789928,3549789928,96.29,55,5309.700000000001,-1375,-0.26,0,7187.5,2.87
NYMEX:MCL1!,27,Entry long,"Sep 18, 2026, 08:56",3549787491,3549787491,96.54,55,5309.700000000001,-1375,-0.26,0,7187.5,2.87
CME_MINI:MNQ1!,28,Exit long,"Sep 18, 2026, 10:26",3550047061,3550047061,29808.25,39,1159577.25,5889,0.25,0,13076.5,5.23
CME_MINI:MNQ1!,28,Entry long,"Sep 18, 2026, 09:00",3549798403,3549798403,29732.75,39,1159577.25,5889,0.25,0,13076.5,5.23
CME_MINI:M2K1!,29,Exit long,"Sep 18, 2026, 10:29",3550056897,3550056897,2897.9,200,579123,2285,0.08,0,15361.5,6.14
CME_MINI:M2K1!,29,Entry long,"Sep 18, 2026, 09:01",3549802811,3549802811,2895.615,200,579123,2285,0.08,0,15361.5,6.14
CME_MINI:M2K1!,30,Exit long,"Sep 18, 2026, 13:43",3550661178,3550661178,2901.1,100,289880,1150,0.08,0,16511.5,6.6
CME_MINI:M2K1!,30,Entry long,"Sep 18, 2026, 10:36",3550077759,3550077759,2898.8,100,289880,1150,0.08,0,16511.5,6.6
CME_MINI:M2K1!,31,Exit short,"Sep 18, 2026, 16:47",3551073855,3551073855,2890.1,169,489279.9,4265,0.17,0,20776.5,8.31
CME_MINI:M2K1!,31,Entry short,"Sep 18, 2026, 15:52",3551072258,3551072258,2895.1473372781065,169,489279.9,4265,0.17,0,20776.5,8.31
CBOT_MINI:MYM1!,32,Exit short,"Sep 18, 2026, 17:05",3551325349,3551325349,52196,100,5223120,1760,0.07,0,22536.5,9.01
CBOT_MINI:MYM1!,32,Entry short,"Sep 18, 2026, 15:56",3551083910,3551083910,52231.2,100,5223120,1760,0.07,0,22536.5,9.01
CME_MINI:M2K1!,33,Exit long,"Sep 22, 2026, 13:06",3566038364,3566038364,2893.6,90,260631,-1035,-0.08,0,21501.5,8.6
CME_MINI:M2K1!,33,Entry long,"Sep 22, 2026, 10:20",3566037906,3566037906,2895.9,90,260631,-1035,-0.08,0,21501.5,8.6
CBOT_MINI:MYM1!,34,Exit long,"Sep 22, 2026, 13:08",3566035362,3566035362,52406,150,7867350,-3225,-0.08,0,18276.5,7.31
CBOT_MINI:MYM1!,34,Entry long,"Sep 22, 2026, 10:19",3566034680,3566034680,52449,150,7867350,-3225,-0.08,0,18276.5,7.31
CME_MINI:M2K1!,35,Exit short,"Sep 22, 2026, 22:17",3569445374,3569445374,2910.2,130,378027,-1495,-0.08,0,16781.5,6.71
CME_MINI:M2K1!,35,Entry short,"Sep 22, 2026, 20:42",3568885498,3568885498,2907.9,130,378027,-1495,-0.08,0,16781.5,6.71
NYMEX:MCL1!,36,Exit long,"Sep 22, 2026, 22:18",3569448964,3569448964,91.6,55,5058.35,-2035,-0.4,0,14746.5,5.9
NYMEX:MCL1!,36,Entry long,"Sep 22, 2026, 21:37",3569228003,3569228003,91.97,55,5058.35,-2035,-0.4,0,14746.5,5.9
COMEX_MINI:MGC1!,37,Exit long,"Sep 25, 2026, 06:44",3582869215,3582869215,4324.7,25,107969,1485,0.14,0,16231.5,6.49
COMEX_MINI:MGC1!,37,Entry long,"Sep 25, 2026, 06:38",3582865154,3582865154,4318.76,25,107969,1485,0.14,0,16231.5,6.49
NYMEX:MCL1!,38,Exit short,"Sep 25, 2026, 06:50",3582874289,3582874289,93.34,100,9373,3900,0.42,0,20131.5,8.05
NYMEX:MCL1!,38,Entry short,"Sep 25, 2026, 06:40",3582873413,3582873413,93.73,100,9373,3900,0.42,0,20131.5,8.05
CBOT_MINI:MYM1!,39,Exit short,"Sep 25, 2026, 06:55",3582897617,3582897617,51695,150,7747650,-3300,-0.09,0,16831.5,6.73
CBOT_MINI:MYM1!,39,Entry short,"Sep 25, 2026, 06:45",3582896312,3582896312,51651,150,7747650,-3300,-0.09,0,16831.5,6.73
NYMEX:MCL1!,40,Exit long,"Sep 28, 2026, 21:35",3599786948,3599786948,94.73,100,9560,-8700,-0.91,0,8131.5,3.25
NYMEX:MCL1!,40,Entry long,"Sep 28, 2026, 21:10",3599780328,3599780328,95.6,100,9560,-8700,-0.91,0,8131.5,3.25
COMEX_MINI:SIL1!,41,Exit short,"Sep 29, 2026, 07:32",3602027580,3602027580,61.045,10,614.45,4000,0.65,0,12131.5,4.85
COMEX_MINI:SIL1!,41,Entry short,"Sep 29, 2026, 00:53",3600978876,3600978876,61.445,10,614.45,4000,0.65,0,12131.5,4.85
COMEX_MINI:MGC1!,42,Exit short,"Sep 29, 2026, 07:32",3602027791,3602027791,4163.6,50,208250,700,0.03,0,12831.5,5.13
COMEX_MINI:MGC1!,42,Entry short,"Sep 29, 2026, 00:53",3600979639,3600979639,4165,50,208250,700,0.03,0,12831.5,5.13
CME_MINI:MNQ1!,43,Exit short,"Sep 29, 2026, 11:03",3602033805,3602033805,30392,39,1189626.75,8677.5,0.36,0,21509,8.6
CME_MINI:MNQ1!,43,Entry short,"Sep 29, 2026, 07:34",3602033520,3602033520,30503.25,39,1189626.75,8677.5,0.36,0,21509,8.6
NYMEX:MCL1!,44,Exit long,"Sep 29, 2026, 13:25",3602994080,3602994080,93.27,100,9367,-4000,-0.43,0,17509,7
NYMEX:MCL1!,44,Entry long,"Sep 29, 2026, 07:32",3602029481,3602029481,93.67,100,9367,-4000,-0.43,0,17509,7
CME_MINI:MES1!,45,Exit long,"Sep 29, 2026, 19:44",3604746935,3604746935,7740.25,64,495584,-1040,-0.04,0,16469,6.59
CME_MINI:MES1!,45,Entry long,"Sep 29, 2026, 13:27",3603000243,3603000243,7743.5,64,495584,-1040,-0.04,0,16469,6.59
NYMEX:MCL1!,46,Exit long,"Sep 29, 2026, 20:38",3604772417,3604772417,91.69,100,9133,3600,0.39,0,20069,8.03
NYMEX:MCL1!,46,Entry long,"Sep 29, 2026, 19:46",3604770837,3604770837,91.33,100,9133,3600,0.39,0,20069,8.03
CME_MINI:MES1!,47,Exit short,"Sep 29, 2026, 20:47",3605307394,3605307394,7728.75,64,495424,3920,0.16,0,23989,9.6
CME_MINI:MES1!,47,Entry short,"Sep 29, 2026, 19:44",3604751705,3604751705,7741,64,495424,3920,0.16,0,23989,9.6